INSERT INTO category(id, name, description, version) VALUES (1000, 'Fish', 'Any of numerous cold-blooded aquatic vertebrates characteristically having fins, gills, and a streamlined body', 1);
INSERT INTO category(id, name, description, version) VALUES (1001, 'Dogs', 'A domesticated carnivorous mammal related to the foxes and wolves and raised in a wide variety of breeds', 1);
INSERT INTO category(id, name, description, version) VALUES (1002, 'Reptiles', 'Any of various cold-blooded, usually egg-laying vertebrates, such as a snake, lizard, crocodile, turtle', 1);
INSERT INTO category(id, name, description, version) VALUES (1003, 'Cats', ' Small carnivorous mammal domesticated since early times as a catcher of rats and mice and as a pet and existing in several distinctive breeds and varieties', 1);
INSERT INTO category(id, name, description, version) VALUES (1004, 'Birds', 'Any of the class Aves of warm-blooded, egg-laying, feathered vertebrates with forelimbs modified to form wings', 1);


INSERT INTO product(id, name, description, category_fk, version) VALUES (1000, 'Angelfish', 'Saltwater fish from Australia', 1000, 1);
INSERT INTO product(id, name, description, category_fk, version) VALUES (1001, 'Tiger Shark', 'Saltwater fish from Australia', 1000, 1);
INSERT INTO product(id, name, description, category_fk, version) VALUES (1002, 'Koi', 'Freshwater fish from Japan', 1000, 1);
INSERT INTO product(id, name, description, category_fk, version) VALUES (1003, 'Goldfish', 'Freshwater fish from China', 1000, 1);
INSERT INTO product(id, name, description, category_fk, version) VALUES (1004, 'Bulldog', 'Friendly dog from England', 1001, 1);
INSERT INTO product(id, name, description, category_fk, version) VALUES (1005, 'Poodle', 'Cute dog from France', 1001, 1);
INSERT INTO product(id, name, description, category_fk, version) VALUES (1006, 'Dalmation', 'Great dog for a fire station', 1001, 1);
INSERT INTO product(id, name, description, category_fk, version) VALUES (1007, 'Golden Retriever', 'Great family dog', 1001, 1);
INSERT INTO product(id, name, description, category_fk, version) VALUES (1008, 'Labrador Retriever', 'Great hunting dog', 1001, 1);
INSERT INTO product(id, name, description, category_fk, version) VALUES (1009, 'Chihuahua', 'Great companion dog', 1001, 1);
INSERT INTO product(id, name, description, category_fk, version) VALUES (1010, 'Rattlesnake', 'Doubles as a watch dog', 1002, 1);
INSERT INTO product(id, name, description, category_fk, version) VALUES (1011, 'Iguana', 'Friendly green friend', 1002, 1);
INSERT INTO product(id, name, description, category_fk, version) VALUES (1012, 'Manx', 'Great for reducing mouse populations', 1003, 1);
INSERT INTO product(id, name, description, category_fk, version) VALUES (1013, 'Persian', 'Friendly house cat, doubles as a princess', 1003, 1);
INSERT INTO product(id, name, description, category_fk, version) VALUES (1014, 'Amazon Parrot', 'Great companion for up to 75 years', 1004, 1);
INSERT INTO product(id, name, description, category_fk, version) VALUES (1015, 'Finch', 'Great stress reliever', 1004, 1);


INSERT INTO item(id, name, unit_cost, image_path, product_fk, description, version) VALUES (1000, 'Large', 10.00, 'fish1.jpg', 1000, 'The customer is very important, the customer will be followed by the customer. The vestibule wants before, the gate needs sauce, sad that is great. Unfortunately, he just wants to. Smartphones Until vulputate vulputate molestie. Each of the members of the circle of life is a mass of life. But Feugiat''s life before the author of basketball. The author of the house will pursue the bow of that throat. I was pregnant.', 1);
INSERT INTO item(id, name, unit_cost, image_path, product_fk, description, version) VALUES (1001, 'Thootless', 10.00, 'fish1.jpg', 1000, 'The customer is very important, the customer will be followed by the customer. Curabitur fringilla pharetra dignissim. In the investment, the loan from the vehicle dignissim, before the ligula euismod leo, not the policy of the hospital than from the players. Some smile eros, the molestie be amet sometimes not, the valley of the male lion. Everyone needed to drink easily. Purely pregnant quiver. Maecenas', 1);
INSERT INTO item(id, name, unit_cost, image_path, product_fk, description, version) VALUES (1002, 'Spotted', 12.00, 'fish4.jpg', 1001, 'The customer is very important, the customer will be followed by the customer. Quisque dictum jaculis sapien, eu fermentum eros feugiat a. Children''s ultricies mauris orci. Mauris sometimes hendrerit felis or dignissim. The ship and ship should be ready before the ship. But the arrows of the venomous ullamcorper. Life is not easy now. Even though I hate you, I''m sad but I''m at the door.', 1);
INSERT INTO item(id, name, unit_cost, image_path, product_fk, description, version) VALUES (1003, 'Spotless', 12.00, 'fish4.jpg', 1001, 'The customer is very important, the customer will be followed by the customer. In the office of Ultricies to drink. Vestibulum vitae dui porttitor nibh dignissim pretium eu at odio. It was necessary for the body to produce food and drink. I sometimes worry about anxiety but I am pregnant. Full of lakes and lakes, heavy vehicles and, arrows and dui. In et.', 1);
INSERT INTO item(id, name, unit_cost, image_path, product_fk, description, version) VALUES (1004, 'Male Adult', 12.00, 'fish3.jpg', 1002, 'The customer is very important, the customer will be followed by the customer. Morbidity will be pursued, ligula eu malesuada tempus, risus terlus varius ligula, that is the author of the great land, who is the dui. Intact as well as the free tax bureau. Maecenas must be drunk, but the time of vulputate is great, and there is no need for torture now; To be followed, players.', 1);
INSERT INTO item(id, name, unit_cost, image_path, product_fk, description, version) VALUES (1005, 'Female Adult', 12.00, 'fish3.jpg', 1002, 'The customer is very important, the customer will be followed by the customer. The door and door of the eros. Some people don''t need a bow, the members need a makeup, let it be sad. It has been said to me many times that football is a game of football. Mauris and sometimes not himself. Maecenas always, let the good time be great, let the price of God be good, let it be good.', 1);
INSERT INTO item(id, name, unit_cost, image_path, product_fk, description, version) VALUES (1006, 'Male Puppy', 12.00, 'fish2.jpg', 1003, 'The customer is very important, the customer will be followed by the customer. Aenean and now the mauris. Therefore, I am advocating, who will finance the financing of life, the necessity of life. In fact, unless the bed He is said to have lived in this street. Proin ullamcorper eros no diam accumsan nare. To put in the clinic, no or temporary employee, the bed of the god''s trucks, in the weekend.', 1);
INSERT INTO item(id, name, unit_cost, image_path, product_fk, description, version) VALUES (1007, 'Female Puppy', 12.00, 'fish2.jpg', 1003, 'The customer is very important, the customer will be followed by the customer. Now the price is to decorate the gate. No eleifend tincidunt just nor basketball. In vehicles, the quiver is ugly, and it is not important to have a good time. Until someone urn in hate mourns CNN. In the fear of lorem, ultricies or vestibulum not, laoreet and neither. To put in the house, tort.', 1);
INSERT INTO item(id, name, unit_cost, image_path, product_fk, description, version) VALUES (1008, 'Spotless Male Puppy', 22.00, 'dog1.jpg', 1004, 'The customer is very important, the customer will be followed by the customer. Check the price and the price of the website or the website for free. Tomorrow Euismod tincidunt rutrum. It''s just that the fans are watching, the vestibule and the advantage, or the ultricies they invest. But if it is not medical, it needs a range and a layer, a price and a pure one. For my chocolate too. We live in mourning, we need mass.', 1);
INSERT INTO item(id, name, unit_cost, image_path, product_fk, description, version) VALUES (1009, 'Spotless Female Puppy', 22.00, 'dog1.jpg', 1004, 'The customer is very important, the customer will be followed by the customer. Some of the CNN arc but sometimes the airline. There is no big deal now, but the demand is not there, the homework and the trigger. Until CNN, it is to put the development of life, the pain is now the yeast of the clinic, so that the casino wants itself from the mass. Children living in old age and grandchildren', 1);
INSERT INTO item(id, name, unit_cost, image_path, product_fk, description, version) VALUES (1010, 'Spotted Male Puppy', 32.00, 'dog2.jpg', 1005, 'The customer is very important, the customer will be followed by the customer. It was very homely, but it was not the case that the client was interested, but he hated the element of the vestibule. Before that lake, it must be drunk. Children are living with disease, old age and children, and they are suffering from hunger and poverty. He also takes football seriously. Vivamus dolor diam, pulvinar a consectetur at', 1);
INSERT INTO item(id, name, unit_cost, image_path, product_fk, description, version) VALUES (1011, 'Spotted Female Puppy', 32.00, 'dog2.jpg', 1005, 'The customer is very important, the customer will be followed by the customer. The disease was not treated properly, the bed was in the throat. Proin feugiat faucibus pellentesque. It''s not just a pain, it''s not a need for players. Even the valley of the orci nor the price of the trigger is expected. Maecenas was not even a torturer. Cras accumsan eros sit amet nibh fringilla molestie. Smartphones No vulputate nor', 1);
INSERT INTO item(id, name, unit_cost, image_path, product_fk, description, version) VALUES (1012, 'Tailed', 62.00, 'dog3.jpg', 1006, 'The customer is very important, the customer will be followed by the customer. In front of the mass, there is always no time, but there is no taste. Some trucks, the torturer flatters as the need, except the urn element bed, from the door of pain lion who mass. It was a weekend. However, the result is different. For an employee, no one is interested in CNN.', 1);
INSERT INTO item(id, name, unit_cost, image_path, product_fk, description, version) VALUES (1013, 'Tailless', 62.00, 'dog3.jpg', 1006, 'The customer is very important, the customer will be followed by the customer. We live and there is no coaching. For the laughter of the bed, the valley and the arrows of the sceleris, fringilla as hate. Suspendisse ultrices ullamcorper adipiscing. It takes the soil and takes it. Vivamus tempus nibh interdum ipsum ullamcorper at suscipit nibh mattis The live element of the football season itself. He wants to eat it, it''s green.', 1);
INSERT INTO item(id, name, unit_cost, image_path, product_fk, description, version) VALUES (1014, 'Tailed', 82.00, 'dog4.jpg', 1007, 'The customer is very important, the customer will be followed by the customer. It''s important to know that it''s time for the kids to take up football. There is nothing easy. But he studied basketball in a cartoon cartoon. Everyone and Leo fans. Smartphones Until he was always waiting. Vivamus fringilla now needs the story of the land, as it has been said, except for Euismod. Children live.', 1);
INSERT INTO item(id, name, unit_cost, image_path, product_fk, description, version) VALUES (1015, 'Tailless', 82.00, 'dog4.jpg', 1007, 'The customer is very important, the customer will be followed by the customer. In need of just hate. The author of the book takes up the boat and mourns. For ultricies the author augue or feugiat. There is no hatred of the bed, let the weekend be a great vestibule, the valley be a great land. To lay before him first in the throats of the hospital, the beds of care, Everyone', 1);
INSERT INTO item(id, name, unit_cost, image_path, product_fk, description, version) VALUES (1016, 'Tailed', 100.00, 'dog5.jpg', 1008, 'The customer is very important, the customer will be followed by the customer. It''s a holiday weekend now, let''s start the conversation with the members. Everyone is not interested in developing the airline. All but the title. Some people want the Internet, they want to be members of the community, pregnant as the Internet. In front of him, the first thing in the throat of the doctor is grief and anger.', 1);
INSERT INTO item(id, name, unit_cost, image_path, product_fk, description, version) VALUES (1017, 'Tailless', 100.00, 'dog5.jpg', 1008, 'The customer is very important, the customer will be followed by the customer. In the morning, the members, the members, the price of life, I need the need. As hendrerit, libero and feugiat tristique, ligula now varius sem, not sad mi before a turpis. Smartphones Now fringilla imperdiet nibh, eu members nisl pellentesque eu. I chatted with the owner.', 1);
INSERT INTO item(id, name, unit_cost, image_path, product_fk, description, version) VALUES (1018, 'Male Adult', 100.00, 'dog6.jpg', 1009, 'The customer is very important, the customer will be followed by the customer. To put the gate of laughter in its entirety, for it is important to drink from the children. Mauris takes up the investment, but the hospital employee has to put a. Fusce eleifend sometimes except, nor vulputate wants to look like. There is no ugly ligula, the ferment and the tincidunt, but the porttitor is a lot. Curabitur needs eros.', 1);
INSERT INTO item(id, name, unit_cost, image_path, product_fk, description, version) VALUES (1019, 'Female Adult', 100.00, 'dog6.jpg', 1009, 'The customer is very important, the customer will be followed by the customer. Tomorrow in the backyard. Yes, but he wants protein. A pregnant woman needs homework. Even now, I don''t have an easy basketball arc. I can talk and talk about it, but it''s not an easy dignissim. The manufacturing process is now being carried out, and the developers are not interested in investing. No and just kids. Some kids', 1);
INSERT INTO item(id, name, unit_cost, image_path, product_fk, description, version) VALUES (1020, 'Female Adult', 20.00, 'reptile1.jpg', 1010, 'The customer is very important, the customer will be followed by the customer. It''s a cardboard box before and now chocolate trucks. But the author is pure. Tomorrow''s time the lake needs a chocolate cartoon trigger. But as the land of life is the vehicle of the feugiat and the pain of life. Duis sometimes lorem quis risus ullamcorper that course with a great quiver. But even without hatred.', 1);
INSERT INTO item(id, name, unit_cost, image_path, product_fk, description, version) VALUES (1021, 'Male Adult', 20.00, 'reptile1.jpg', 1010, 'The customer is very important, the customer will be followed by the customer. The time of Mauris''s quiver was vulputate. Proin at nibh at feugiat fringilla. Fusce takes the expected urn to put it. I don''t really like clinical or coaching. Aenean at turpis except, a corporal mass. It is completely free of charge from the internet flatters the price. I chatted with just a few members.', 1);
INSERT INTO item(id, name, unit_cost, image_path, product_fk, description, version) VALUES (1022, 'Female Adult', 150.00, 'lizard1.jpg', 1011, 'The customer is very important, the customer will be followed by the customer. It has been said that, except for the life cycle of basketball, it is the very taste itself, whether it is the protein itself or the bow. But the euismod, the mauris suscepti always invests, there is no tortor great course, that element of God''s pain is important now. The children were sometimes read. Maurice in the promotion of football.', 1);
INSERT INTO item(id, name, unit_cost, image_path, product_fk, description, version) VALUES (1023, 'Male Adult', 160.00, 'lizard1.jpg', 1011, 'The customer is very important, the customer will be followed by the customer. We live on a bike. But now he wants to be in the fringilla. Suspendisse mauris felis, molestie selecrisque sit amet amet, dapibus eu diam. Curabitur needs the bed and the ligula quiver in sollicitudin nor sad. Now he takes up the title now, life will be followed by just members of the body. No', 1);
INSERT INTO item(id, name, unit_cost, image_path, product_fk, description, version) VALUES (1024, 'Male Adult', 120.00, 'cat1.jpg', 1012, 'The customer is very important, the customer will be followed by the customer. But the valley''s chocolate pot. But that''s what fans of chocolate are now. Sed rutrum arcu sed sem semper id eleifend no feugiat. It''s a good opportunity to study in the city of Lacinia. The class is fit for the silent companions, and they turn to the shores through our marriages, through', 1);
INSERT INTO item(id, name, unit_cost, image_path, product_fk, description, version) VALUES (1025, 'Female Adult', 120.00, 'cat1.jpg', 1012, 'Lorem ipsum dolor sit amet, consectetur adipiscing elit. Phasellus viverra nunc vitae libero ultricies lobortis. Duis magna nunc, tincidunt sit amet sagittis et, lobortis volutpat risus. Sed gravida turpis sit amet arcu tincidunt convallis. Nunc vulputate commodo mi non blandit. Etiam eu libero id libero aliquet pretium. Lorem ipsum dolor.', 1);
INSERT INTO item(id, name, unit_cost, image_path, product_fk, description, version) VALUES (1026, 'Male Adult', 70.00, 'cat2.jpg', 1013, 'The customer is very important, the customer will be followed by the customer. But it is a yeast in the quiver. For children, there should be no advertisements, such as cartoons or cartoons. It was a weekend. Aeneas the bed hates, flatters some anxiety from, the pillow from the trigger. A free boat life and a sad lake life. Some turtles, pillows.', 1);
INSERT INTO item(id, name, unit_cost, image_path, product_fk, description, version) VALUES (1027, 'Female Adult', 90.00, 'cat2.jpg', 1013, 'The customer is very important, the customer will be followed by the customer. Even Fringilla is now targeted by the Bureau. Curabitur malesuada felis does not want basketball lacinia. Vivamus hendrerit tortor et tortor faucibus vehicles. The children, as sad as the viverra, were euismod, or the vestibule purus turpis. Until he takes up the ligula tortor, a takes up.', 1);
INSERT INTO item(id, name, unit_cost, image_path, product_fk, description, version) VALUES (1028, 'Male Adult', 120.00, 'bird2.jpg', 1014, 'The customer is very important, the customer will be followed by the customer. In just a league, a career as a coach, but a lawyer or a lawyer. Even the advantage of free trucks is the price of a chocolate smile. There should be no pressure, in a soft smile. Curabitur convallis mattis felis, but not expected just the price. For the vestibule, the urn in the result.', 1);
INSERT INTO item(id, name, unit_cost, image_path, product_fk, description, version) VALUES (1029, 'Female Adult', 120.00, 'bird2.jpg', 1014, 'The customer is very important, the customer will be followed by the customer. Hendrerit''s high school life was as he was. I am not the author of the article. Mauris in mi nibh, et placerat lorem. Now always, how life is always the story, hate the bow and arrows, and put the bow from where. Some porta said that the author of the era.', 1);
INSERT INTO item(id, name, unit_cost, image_path, product_fk, description, version) VALUES (1030, 'Male Adult', 75.00, 'bird1.jpg', 1015, 'The customer is very important, the customer will be followed by the customer. Who is the bed of the house of the real estate agent? Maecenas just right, but the author will be pursued and, pillow and diam. For my trigger, the author to adorn the layer, but not the quiver nor the bow. Aliquam tincidunt nisi feugiat dui dapibus commodo. No need for hate propaganda. Duis mauris nibh', 1);
INSERT INTO item(id, name, unit_cost, image_path, product_fk, description, version) VALUES (1031, 'Female Adult', 80.00, 'bird1.jpg', 1015, 'The customer is very important, the customer will be followed by the customer. Live dignissim vehicles land. This is the diam eros. Children are living with disease, old age and children, and they are suffering from hunger and poverty. For there is a lot of salad and a small amount of yeast. Smartphones He promoted the quality of the product, and feugiat felis gravida nec. Some at', 1);


INSERT INTO country(id, iso_code, name, printable_name, iso3, numcode, version) VALUES (1000, 'AF','AFGHANISTAN','Afghanistan','AFG','004', 1);
INSERT INTO country(id, iso_code, name, printable_name, iso3, numcode, version) VALUES (1001, 'AL','ALBANIA','Albania','ALB','008', 1);
INSERT INTO country(id, iso_code, name, printable_name, iso3, numcode, version) VALUES (1002, 'DZ','ALGERIA','Algeria','DZA','012', 1);
INSERT INTO country(id, iso_code, name, printable_name, iso3, numcode, version) VALUES (1003, 'AS','AMERICAN SAMOA','American Samoa','ASM','016', 1);
INSERT INTO country(id, iso_code, name, printable_name, iso3, numcode, version) VALUES (1004, 'AD','ANDORRA','Andorra','AND','020', 1);
INSERT INTO country(id, iso_code, name, printable_name, iso3, numcode, version) VALUES (1005, 'AO','ANGOLA','Angola','AGO','024', 1);
INSERT INTO country(id, iso_code, name, printable_name, iso3, numcode, version) VALUES (1006, 'AI','ANGUILLA','Anguilla','AIA','660', 1);
INSERT INTO country(id, iso_code, name, printable_name, iso3, numcode, version) VALUES (1008, 'AG','ANTIGUA AND BARBUDA','Antigua and Barbuda','ATG','028', 1);
INSERT INTO country(id, iso_code, name, printable_name, iso3, numcode, version) VALUES (1009, 'AR','ARGENTINA','Argentina','ARG','032', 1);
INSERT INTO country(id, iso_code, name, printable_name, iso3, numcode, version) VALUES (1010, 'AM','ARMENIA','Armenia','ARM','051', 1);
INSERT INTO country(id, iso_code, name, printable_name, iso3, numcode, version) VALUES (1011, 'AW','ARUBA','Aruba','ABW','533', 1);
INSERT INTO country(id, iso_code, name, printable_name, iso3, numcode, version) VALUES (1012, 'AU','AUSTRALIA','Australia','AUS','036', 1);
INSERT INTO country(id, iso_code, name, printable_name, iso3, numcode, version) VALUES (1013, 'AT','AUSTRIA','Austria','AUT','040', 1);
INSERT INTO country(id, iso_code, name, printable_name, iso3, numcode, version) VALUES (1014, 'AZ','AZERBAIJAN','Azerbaijan','AZE','031', 1);
INSERT INTO country(id, iso_code, name, printable_name, iso3, numcode, version) VALUES (1015, 'BS','BAHAMAS','Bahamas','BHS','044', 1);
INSERT INTO country(id, iso_code, name, printable_name, iso3, numcode, version) VALUES (1016, 'BH','BAHRAIN','Bahrain','BHR','048', 1);
INSERT INTO country(id, iso_code, name, printable_name, iso3, numcode, version) VALUES (1017, 'BD','BANGLADESH','Bangladesh','BGD','050', 1);
INSERT INTO country(id, iso_code, name, printable_name, iso3, numcode, version) VALUES (1018, 'BB','BARBADOS','Barbados','BRB','052', 1);
INSERT INTO country(id, iso_code, name, printable_name, iso3, numcode, version) VALUES (1019, 'BY','BELARUS','Belarus','BLR','112', 1);
INSERT INTO country(id, iso_code, name, printable_name, iso3, numcode, version) VALUES (1020, 'BE','BELGIUM','Belgium','BEL','056', 1);
INSERT INTO country(id, iso_code, name, printable_name, iso3, numcode, version) VALUES (1021, 'BZ','BELIZE','Belize','BLZ','084', 1);
INSERT INTO country(id, iso_code, name, printable_name, iso3, numcode, version) VALUES (1022, 'BJ','BENIN','Benin','BEN','204', 1);
INSERT INTO country(id, iso_code, name, printable_name, iso3, numcode, version) VALUES (1023, 'BM','BERMUDA','Bermuda','BMU','060', 1);
INSERT INTO country(id, iso_code, name, printable_name, iso3, numcode, version) VALUES (1024, 'BT','BHUTAN','Bhutan','BTN','064', 1);
INSERT INTO country(id, iso_code, name, printable_name, iso3, numcode, version) VALUES (1025, 'BO','BOLIVIA','Bolivia','BOL','068', 1);
INSERT INTO country(id, iso_code, name, printable_name, iso3, numcode, version) VALUES (1026, 'BA','BOSNIA AND HERZEGOVINA','Bosnia and Herzegovina','BIH','070', 1);
INSERT INTO country(id, iso_code, name, printable_name, iso3, numcode, version) VALUES (1027, 'BW','BOTSWANA','Botswana','BWA','072', 1);
INSERT INTO country(id, iso_code, name, printable_name, iso3, numcode, version) VALUES (1029, 'BR','BRAZIL','Brazil','BRA','076', 1);
INSERT INTO country(id, iso_code, name, printable_name, iso3, numcode, version) VALUES (1031, 'BN','BRUNEI DARUSSALAM','Brunei Darussalam','BRN','096', 1);
INSERT INTO country(id, iso_code, name, printable_name, iso3, numcode, version) VALUES (1032, 'BG','BULGARIA','Bulgaria','BGR','100', 1);
INSERT INTO country(id, iso_code, name, printable_name, iso3, numcode, version) VALUES (1033, 'BF','BURKINA FASO','Burkina Faso','BFA','854', 1);
INSERT INTO country(id, iso_code, name, printable_name, iso3, numcode, version) VALUES (1034, 'BI','BURUNDI','Burundi','BDI','108', 1);
INSERT INTO country(id, iso_code, name, printable_name, iso3, numcode, version) VALUES (1035, 'KH','CAMBODIA','Cambodia','KHM','116', 1);
INSERT INTO country(id, iso_code, name, printable_name, iso3, numcode, version) VALUES (1036, 'CM','CAMEROON','Cameroon','CMR','120', 1);
INSERT INTO country(id, iso_code, name, printable_name, iso3, numcode, version) VALUES (1037, 'CA','CANADA','Canada','CAN','124', 1);
INSERT INTO country(id, iso_code, name, printable_name, iso3, numcode, version) VALUES (1038, 'CV','CAPE VERDE','Cape Verde','CPV','132', 1);
INSERT INTO country(id, iso_code, name, printable_name, iso3, numcode, version) VALUES (1039, 'KY','CAYMAN ISLANDS','Cayman Islands','CYM','136', 1);
INSERT INTO country(id, iso_code, name, printable_name, iso3, numcode, version) VALUES (1040, 'CF','CENTRAL AFRICAN REPUBLIC','Central African Republic','CAF','140', 1);
INSERT INTO country(id, iso_code, name, printable_name, iso3, numcode, version) VALUES (1041, 'TD','CHAD','Chad','TCD','148', 1);
INSERT INTO country(id, iso_code, name, printable_name, iso3, numcode, version) VALUES (1042, 'CL','CHILE','Chile','CHL','152', 1);
INSERT INTO country(id, iso_code, name, printable_name, iso3, numcode, version) VALUES (1043, 'CN','CHINA','China','CHN','156', 1);
INSERT INTO country(id, iso_code, name, printable_name, iso3, numcode, version) VALUES (1046, 'CO','COLOMBIA','Colombia','COL','170', 1);
INSERT INTO country(id, iso_code, name, printable_name, iso3, numcode, version) VALUES (1047, 'KM','COMOROS','Comoros','COM','174', 1);
INSERT INTO country(id, iso_code, name, printable_name, iso3, numcode, version) VALUES (1048, 'CG','CONGO','Congo','COG','178', 1);
INSERT INTO country(id, iso_code, name, printable_name, iso3, numcode, version) VALUES (1049, 'CD','CONGO, THE DEMOCRATIC REPUBLIC OF THE','Congo, the Democratic Republic of the','COD','180', 1);
INSERT INTO country(id, iso_code, name, printable_name, iso3, numcode, version) VALUES (1050, 'CK','COOK ISLANDS','Cook Islands','COK','184', 1);
INSERT INTO country(id, iso_code, name, printable_name, iso3, numcode, version) VALUES (1051, 'CR','COSTA RICA','Costa Rica','CRI','188', 1);
INSERT INTO country(id, iso_code, name, printable_name, iso3, numcode, version) VALUES (1052, 'CI','COTE D IVOIRE','Cote d Ivoire','CIV','384', 1);
INSERT INTO country(id, iso_code, name, printable_name, iso3, numcode, version) VALUES (1053, 'HR','CROATIA','Croatia','HRV','191', 1);
INSERT INTO country(id, iso_code, name, printable_name, iso3, numcode, version) VALUES (1054, 'CU','CUBA','Cuba','CUB','192', 1);
INSERT INTO country(id, iso_code, name, printable_name, iso3, numcode, version) VALUES (1055, 'CY','CYPRUS','Cyprus','CYP','196', 1);
INSERT INTO country(id, iso_code, name, printable_name, iso3, numcode, version) VALUES (1056, 'CZ','CZECH REPUBLIC','Czech Republic','CZE','203', 1);
INSERT INTO country(id, iso_code, name, printable_name, iso3, numcode, version) VALUES (1057, 'DK','DENMARK','Denmark','DNK','208', 1);
INSERT INTO country(id, iso_code, name, printable_name, iso3, numcode, version) VALUES (1058, 'DJ','DJIBOUTI','Djibouti','DJI','262', 1);
INSERT INTO country(id, iso_code, name, printable_name, iso3, numcode, version) VALUES (1059, 'DM','DOMINICA','Dominica','DMA','212', 1);
INSERT INTO country(id, iso_code, name, printable_name, iso3, numcode, version) VALUES (1060, 'DO','DOMINICAN REPUBLIC','Dominican Republic','DOM','214', 1);
INSERT INTO country(id, iso_code, name, printable_name, iso3, numcode, version) VALUES (1061, 'EC','ECUADOR','Ecuador','ECU','218', 1);
INSERT INTO country(id, iso_code, name, printable_name, iso3, numcode, version) VALUES (1062, 'EG','EGYPT','Egypt','EGY','818', 1);
INSERT INTO country(id, iso_code, name, printable_name, iso3, numcode, version) VALUES (1063, 'SV','EL SALVADOR','El Salvador','SLV','222', 1);
INSERT INTO country(id, iso_code, name, printable_name, iso3, numcode, version) VALUES (1064, 'GQ','EQUATORIAL GUINEA','Equatorial Guinea','GNQ','226', 1);
INSERT INTO country(id, iso_code, name, printable_name, iso3, numcode, version) VALUES (1065, 'ER','ERITREA','Eritrea','ERI','232', 1);
INSERT INTO country(id, iso_code, name, printable_name, iso3, numcode, version) VALUES (1066, 'EE','ESTONIA','Estonia','EST','233', 1);
INSERT INTO country(id, iso_code, name, printable_name, iso3, numcode, version) VALUES (1067, 'ET','ETHIOPIA','Ethiopia','ETH','231', 1);
INSERT INTO country(id, iso_code, name, printable_name, iso3, numcode, version) VALUES (1068, 'FK','FALKLAND ISLANDS (MALVINAS)','Falkland Islands (Malvinas)','FLK','238', 1);
INSERT INTO country(id, iso_code, name, printable_name, iso3, numcode, version) VALUES (1069, 'FO','FAROE ISLANDS','Faroe Islands','FRO','234', 1);
INSERT INTO country(id, iso_code, name, printable_name, iso3, numcode, version) VALUES (1070, 'FJ','FIJI','Fiji','FJI','242', 1);
INSERT INTO country(id, iso_code, name, printable_name, iso3, numcode, version) VALUES (1071, 'FI','FINLAND','Finland','FIN','246', 1);
INSERT INTO country(id, iso_code, name, printable_name, iso3, numcode, version) VALUES (1072, 'FR','FRANCE','France','FRA','250', 1);
INSERT INTO country(id, iso_code, name, printable_name, iso3, numcode, version) VALUES (1073, 'GF','FRENCH GUIANA','French Guiana','GUF','254', 1);
INSERT INTO country(id, iso_code, name, printable_name, iso3, numcode, version) VALUES (1074, 'PF','FRENCH POLYNESIA','French Polynesia','PYF','258', 1);
INSERT INTO country(id, iso_code, name, printable_name, iso3, numcode, version) VALUES (1076, 'GA','GABON','Gabon','GAB','266', 1);
INSERT INTO country(id, iso_code, name, printable_name, iso3, numcode, version) VALUES (1077, 'GM','GAMBIA','Gambia','GMB','270', 1);
INSERT INTO country(id, iso_code, name, printable_name, iso3, numcode, version) VALUES (1078, 'GE','GEORGIA','Georgia','GEO','268', 1);
INSERT INTO country(id, iso_code, name, printable_name, iso3, numcode, version) VALUES (1079, 'DE','GERMANY','Germany','DEU','276', 1);
INSERT INTO country(id, iso_code, name, printable_name, iso3, numcode, version) VALUES (1080, 'GH','GHANA','Ghana','GHA','288', 1);
INSERT INTO country(id, iso_code, name, printable_name, iso3, numcode, version) VALUES (1081, 'GI','GIBRALTAR','Gibraltar','GIB','292', 1);
INSERT INTO country(id, iso_code, name, printable_name, iso3, numcode, version) VALUES (1082, 'GR','GREECE','Greece','GRC','300', 1);
INSERT INTO country(id, iso_code, name, printable_name, iso3, numcode, version) VALUES (1083, 'GL','GREENLAND','Greenland','GRL','304', 1);
INSERT INTO country(id, iso_code, name, printable_name, iso3, numcode, version) VALUES (1084, 'GD','GRENADA','Grenada','GRD','308', 1);
INSERT INTO country(id, iso_code, name, printable_name, iso3, numcode, version) VALUES (1085, 'GP','GUADELOUPE','Guadeloupe','GLP','312', 1);
INSERT INTO country(id, iso_code, name, printable_name, iso3, numcode, version) VALUES (1086, 'GU','GUAM','Guam','GUM','316', 1);
INSERT INTO country(id, iso_code, name, printable_name, iso3, numcode, version) VALUES (1087, 'GT','GUATEMALA','Guatemala','GTM','320', 1);
INSERT INTO country(id, iso_code, name, printable_name, iso3, numcode, version) VALUES (1088, 'GN','GUINEA','Guinea','GIN','324', 1);
INSERT INTO country(id, iso_code, name, printable_name, iso3, numcode, version) VALUES (1089, 'GW','GUINEA-BISSAU','Guinea-Bissau','GNB','624', 1);
INSERT INTO country(id, iso_code, name, printable_name, iso3, numcode, version) VALUES (1090, 'GY','GUYANA','Guyana','GUY','328', 1);
INSERT INTO country(id, iso_code, name, printable_name, iso3, numcode, version) VALUES (1091, 'HT','HAITI','Haiti','HTI','332', 1);
INSERT INTO country(id, iso_code, name, printable_name, iso3, numcode, version) VALUES (1093, 'VA','HOLY SEE (VATICAN CITY STATE)','Holy See (Vatican City State)','VAT','336', 1);
INSERT INTO country(id, iso_code, name, printable_name, iso3, numcode, version) VALUES (1094, 'HN','HONDURAS','Honduras','HND','340', 1);
INSERT INTO country(id, iso_code, name, printable_name, iso3, numcode, version) VALUES (1095, 'HK','HONG KONG','Hong Kong','HKG','344', 1);
INSERT INTO country(id, iso_code, name, printable_name, iso3, numcode, version) VALUES (1096, 'HU','HUNGARY','Hungary','HUN','348', 1);
INSERT INTO country(id, iso_code, name, printable_name, iso3, numcode, version) VALUES (1097, 'IS','ICELAND','Iceland','ISL','352', 1);
INSERT INTO country(id, iso_code, name, printable_name, iso3, numcode, version) VALUES (1098, 'IN','INDIA','India','IND','356', 1);
INSERT INTO country(id, iso_code, name, printable_name, iso3, numcode, version) VALUES (1099, 'ID','INDONESIA','Indonesia','IDN','360', 1);
INSERT INTO country(id, iso_code, name, printable_name, iso3, numcode, version) VALUES (1100, 'IR','IRAN, ISLAMIC REPUBLIC OF','Iran, Islamic Republic of','IRN','364', 1);
INSERT INTO country(id, iso_code, name, printable_name, iso3, numcode, version) VALUES (1101, 'IQ','IRAQ','Iraq','IRQ','368', 1);
INSERT INTO country(id, iso_code, name, printable_name, iso3, numcode, version) VALUES (1102, 'IE','IRELAND','Ireland','IRL','372', 1);
INSERT INTO country(id, iso_code, name, printable_name, iso3, numcode, version) VALUES (1103, 'IL','ISRAEL','Israel','ISR','376', 1);
INSERT INTO country(id, iso_code, name, printable_name, iso3, numcode, version) VALUES (1104, 'IT','ITALY','Italy','ITA','380', 1);
INSERT INTO country(id, iso_code, name, printable_name, iso3, numcode, version) VALUES (1105, 'JM','JAMAICA','Jamaica','JAM','388', 1);
INSERT INTO country(id, iso_code, name, printable_name, iso3, numcode, version) VALUES (1106, 'JP','JAPAN','Japan','JPN','392', 1);
INSERT INTO country(id, iso_code, name, printable_name, iso3, numcode, version) VALUES (1107, 'JO','JORDAN','Jordan','JOR','400', 1);
INSERT INTO country(id, iso_code, name, printable_name, iso3, numcode, version) VALUES (1108, 'KZ','KAZAKHSTAN','Kazakhstan','KAZ','398', 1);
INSERT INTO country(id, iso_code, name, printable_name, iso3, numcode, version) VALUES (1109, 'KE','KENYA','Kenya','KEN','404', 1);
INSERT INTO country(id, iso_code, name, printable_name, iso3, numcode, version) VALUES (1110, 'KI','KIRIBATI','Kiribati','KIR','296', 1);
INSERT INTO country(id, iso_code, name, printable_name, iso3, numcode, version) VALUES (1111, 'KP','KOREA, DEMOCRATIC PEOPLE S REPUBLIC OF','Korea, Democratic People s Republic of','PRK','408', 1);
INSERT INTO country(id, iso_code, name, printable_name, iso3, numcode, version) VALUES (1112, 'KR','KOREA, REPUBLIC OF','Korea, Republic of','KOR','410', 1);
INSERT INTO country(id, iso_code, name, printable_name, iso3, numcode, version) VALUES (1113, 'KW','KUWAIT','Kuwait','KWT','414', 1);
INSERT INTO country(id, iso_code, name, printable_name, iso3, numcode, version) VALUES (1114, 'KG','KYRGYZSTAN','Kyrgyzstan','KGZ','417', 1);
INSERT INTO country(id, iso_code, name, printable_name, iso3, numcode, version) VALUES (1115, 'LA','LAO PEOPLE S DEMOCRATIC REPUBLIC','Lao People s Democratic Republic','LAO','418', 1);
INSERT INTO country(id, iso_code, name, printable_name, iso3, numcode, version) VALUES (1116, 'LV','LATVIA','Latvia','LVA','428', 1);
INSERT INTO country(id, iso_code, name, printable_name, iso3, numcode, version) VALUES (1117, 'LB','LEBANON','Lebanon','LBN','422', 1);
INSERT INTO country(id, iso_code, name, printable_name, iso3, numcode, version) VALUES (1118, 'LS','LESOTHO','Lesotho','LSO','426', 1);
INSERT INTO country(id, iso_code, name, printable_name, iso3, numcode, version) VALUES (1119, 'LR','LIBERIA','Liberia','LBR','430', 1);
INSERT INTO country(id, iso_code, name, printable_name, iso3, numcode, version) VALUES (1120, 'LY','LIBYAN ARAB JAMAHIRIYA','Libyan Arab Jamahiriya','LBY','434', 1);
INSERT INTO country(id, iso_code, name, printable_name, iso3, numcode, version) VALUES (1121, 'LI','LIECHTENSTEIN','Liechtenstein','LIE','438', 1);
INSERT INTO country(id, iso_code, name, printable_name, iso3, numcode, version) VALUES (1122, 'LT','LITHUANIA','Lithuania','LTU','440', 1);
INSERT INTO country(id, iso_code, name, printable_name, iso3, numcode, version) VALUES (1123, 'LU','LUXEMBOURG','Luxembourg','LUX','442', 1);
INSERT INTO country(id, iso_code, name, printable_name, iso3, numcode, version) VALUES (1124, 'MO','MACAO','Macao','MAC','446', 1);
INSERT INTO country(id, iso_code, name, printable_name, iso3, numcode, version) VALUES (1125, 'MK','MACEDONIA, THE FORMER YUGOSLAV REPUBLIC OF','Macedonia, the Former Yugoslav Republic of','MKD','807', 1);
INSERT INTO country(id, iso_code, name, printable_name, iso3, numcode, version) VALUES (1126, 'MG','MADAGASCAR','Madagascar','MDG','450', 1);
INSERT INTO country(id, iso_code, name, printable_name, iso3, numcode, version) VALUES (1127, 'MW','MALAWI','Malawi','MWI','454', 1);
INSERT INTO country(id, iso_code, name, printable_name, iso3, numcode, version) VALUES (1128, 'MY','MALAYSIA','Malaysia','MYS','458', 1);
INSERT INTO country(id, iso_code, name, printable_name, iso3, numcode, version) VALUES (1129, 'MV','MALDIVES','Maldives','MDV','462', 1);
INSERT INTO country(id, iso_code, name, printable_name, iso3, numcode, version) VALUES (1130, 'ML','MALI','Mali','MLI','466', 1);
INSERT INTO country(id, iso_code, name, printable_name, iso3, numcode, version) VALUES (1131, 'MT','MALTA','Malta','MLT','470', 1);
INSERT INTO country(id, iso_code, name, printable_name, iso3, numcode, version) VALUES (1132, 'MH','MARSHALL ISLANDS','Marshall Islands','MHL','584', 1);
INSERT INTO country(id, iso_code, name, printable_name, iso3, numcode, version) VALUES (1133, 'MQ','MARTINIQUE','Martinique','MTQ','474', 1);
INSERT INTO country(id, iso_code, name, printable_name, iso3, numcode, version) VALUES (1134, 'MR','MAURITANIA','Mauritania','MRT','478', 1);
INSERT INTO country(id, iso_code, name, printable_name, iso3, numcode, version) VALUES (1135, 'MU','MAURITIUS','Mauritius','MUS','480', 1);
INSERT INTO country(id, iso_code, name, printable_name, iso3, numcode, version) VALUES (1137, 'MX','MEXICO','Mexico','MEX','484', 1);
INSERT INTO country(id, iso_code, name, printable_name, iso3, numcode, version) VALUES (1138, 'FM','MICRONESIA, FEDERATED STATES OF','Micronesia, Federated States of','FSM','583', 1);
INSERT INTO country(id, iso_code, name, printable_name, iso3, numcode, version) VALUES (1139, 'MD','MOLDOVA, REPUBLIC OF','Moldova, Republic of','MDA','498', 1);
INSERT INTO country(id, iso_code, name, printable_name, iso3, numcode, version) VALUES (1140, 'MC','MONACO','Monaco','MCO','492', 1);
INSERT INTO country(id, iso_code, name, printable_name, iso3, numcode, version) VALUES (1141, 'MN','MONGOLIA','Mongolia','MNG','496', 1);
INSERT INTO country(id, iso_code, name, printable_name, iso3, numcode, version) VALUES (1142, 'MS','MONTSERRAT','Montserrat','MSR','500', 1);
INSERT INTO country(id, iso_code, name, printable_name, iso3, numcode, version) VALUES (1143, 'MA','MOROCCO','Morocco','MAR','504', 1);
INSERT INTO country(id, iso_code, name, printable_name, iso3, numcode, version) VALUES (1144, 'MZ','MOZAMBIQUE','Mozambique','MOZ','508', 1);
INSERT INTO country(id, iso_code, name, printable_name, iso3, numcode, version) VALUES (1145, 'MM','MYANMAR','Myanmar','MMR','104', 1);
INSERT INTO country(id, iso_code, name, printable_name, iso3, numcode, version) VALUES (1146, 'NA','NAMIBIA','Namibia','NAM','516', 1);
INSERT INTO country(id, iso_code, name, printable_name, iso3, numcode, version) VALUES (1147, 'NR','NAURU','Nauru','NRU','520', 1);
INSERT INTO country(id, iso_code, name, printable_name, iso3, numcode, version) VALUES (1148, 'NP','NEPAL','Nepal','NPL','524', 1);
INSERT INTO country(id, iso_code, name, printable_name, iso3, numcode, version) VALUES (1149, 'NL','NETHERLANDS','Netherlands','NLD','528', 1);
INSERT INTO country(id, iso_code, name, printable_name, iso3, numcode, version) VALUES (1150, 'AN','NETHERLANDS ANTILLES','Netherlands Antilles','ANT','530', 1);
INSERT INTO country(id, iso_code, name, printable_name, iso3, numcode, version) VALUES (1151, 'NC','NEW CALEDONIA','New Caledonia','NCL','540', 1);
INSERT INTO country(id, iso_code, name, printable_name, iso3, numcode, version) VALUES (1152, 'NZ','NEW ZEALAND','New Zealand','NZL','554', 1);
INSERT INTO country(id, iso_code, name, printable_name, iso3, numcode, version) VALUES (1153, 'NI','NICARAGUA','Nicaragua','NIC','558', 1);
INSERT INTO country(id, iso_code, name, printable_name, iso3, numcode, version) VALUES (1154, 'NE','NIGER','Niger','NER','562', 1);
INSERT INTO country(id, iso_code, name, printable_name, iso3, numcode, version) VALUES (1155, 'NG','NIGERIA','Nigeria','NGA','566', 1);
INSERT INTO country(id, iso_code, name, printable_name, iso3, numcode, version) VALUES (1156, 'NU','NIUE','Niue','NIU','570', 1);
INSERT INTO country(id, iso_code, name, printable_name, iso3, numcode, version) VALUES (1157, 'NF','NORFOLK ISLAND','Norfolk Island','NFK','574', 1);
INSERT INTO country(id, iso_code, name, printable_name, iso3, numcode, version) VALUES (1158, 'MP','NORTHERN MARIANA ISLANDS','Northern Mariana Islands','MNP','580', 1);
INSERT INTO country(id, iso_code, name, printable_name, iso3, numcode, version) VALUES (1159, 'NO','NORWAY','Norway','NOR','578', 1);
INSERT INTO country(id, iso_code, name, printable_name, iso3, numcode, version) VALUES (1160, 'OM','OMAN','Oman','OMN','512', 1);
INSERT INTO country(id, iso_code, name, printable_name, iso3, numcode, version) VALUES (1161, 'PK','PAKISTAN','Pakistan','PAK','586', 1);
INSERT INTO country(id, iso_code, name, printable_name, iso3, numcode, version) VALUES (1162, 'PW','PALAU','Palau','PLW','585', 1);
INSERT INTO country(id, iso_code, name, printable_name, iso3, numcode, version) VALUES (1164, 'PA','PANAMA','Panama','PAN','591', 1);
INSERT INTO country(id, iso_code, name, printable_name, iso3, numcode, version) VALUES (1165, 'PG','PAPUA NEW GUINEA','Papua New Guinea','PNG','598', 1);
INSERT INTO country(id, iso_code, name, printable_name, iso3, numcode, version) VALUES (1166, 'PY','PARAGUAY','Paraguay','PRY','600', 1);
INSERT INTO country(id, iso_code, name, printable_name, iso3, numcode, version) VALUES (1167, 'PE','PERU','Peru','PER','604', 1);
INSERT INTO country(id, iso_code, name, printable_name, iso3, numcode, version) VALUES (1168, 'PH','PHILIPPINES','Philippines','PHL','608', 1);
INSERT INTO country(id, iso_code, name, printable_name, iso3, numcode, version) VALUES (1169, 'PN','PITCAIRN','Pitcairn','PCN','612', 1);
INSERT INTO country(id, iso_code, name, printable_name, iso3, numcode, version) VALUES (1170, 'PL','POLAND','Poland','POL','616', 1);
INSERT INTO country(id, iso_code, name, printable_name, iso3, numcode, version) VALUES (1171, 'PT','PORTUGAL','Portugal','PRT','620', 1);
INSERT INTO country(id, iso_code, name, printable_name, iso3, numcode, version) VALUES (1172, 'PR','PUERTO RICO','Puerto Rico','PRI','630', 1);
INSERT INTO country(id, iso_code, name, printable_name, iso3, numcode, version) VALUES (1173, 'QA','QATAR','Qatar','QAT','634', 1);
INSERT INTO country(id, iso_code, name, printable_name, iso3, numcode, version) VALUES (1174, 'RE','REUNION','Reunion','REU','638', 1);
INSERT INTO country(id, iso_code, name, printable_name, iso3, numcode, version) VALUES (1175, 'RO','ROMANIA','Romania','ROM','642', 1);
INSERT INTO country(id, iso_code, name, printable_name, iso3, numcode, version) VALUES (1176, 'RU','RUSSIAN FEDERATION','Russian Federation','RUS','643', 1);
INSERT INTO country(id, iso_code, name, printable_name, iso3, numcode, version) VALUES (1177, 'RW','RWANDA','Rwanda','RWA','646', 1);
INSERT INTO country(id, iso_code, name, printable_name, iso3, numcode, version) VALUES (1178, 'SH','SAINT HELENA','Saint Helena','SHN','654', 1);
INSERT INTO country(id, iso_code, name, printable_name, iso3, numcode, version) VALUES (1179, 'KN','SAINT KITTS AND NEVIS','Saint Kitts and Nevis','KNA','659', 1);
INSERT INTO country(id, iso_code, name, printable_name, iso3, numcode, version) VALUES (1180, 'LC','SAINT LUCIA','Saint Lucia','LCA','662', 1);
INSERT INTO country(id, iso_code, name, printable_name, iso3, numcode, version) VALUES (1181, 'PM','SAINT PIERRE AND MIQUELON','Saint Pierre and Miquelon','SPM','666', 1);
INSERT INTO country(id, iso_code, name, printable_name, iso3, numcode, version) VALUES (1182, 'VC','SAINT VINCENT AND THE GRENADINES','Saint Vincent and the Grenadines','VCT','670', 1);
INSERT INTO country(id, iso_code, name, printable_name, iso3, numcode, version) VALUES (1183, 'WS','SAMOA','Samoa','WSM','882', 1);
INSERT INTO country(id, iso_code, name, printable_name, iso3, numcode, version) VALUES (1184, 'SM','SAN MARINO','San Marino','SMR','674', 1);
INSERT INTO country(id, iso_code, name, printable_name, iso3, numcode, version) VALUES (1185, 'ST','SAO TOME AND PRINCIPE','Sao Tome and Principe','STP','678', 1);
INSERT INTO country(id, iso_code, name, printable_name, iso3, numcode, version) VALUES (1186, 'SA','SAUDI ARABIA','Saudi Arabia','SAU','682', 1);
INSERT INTO country(id, iso_code, name, printable_name, iso3, numcode, version) VALUES (1187, 'SN','SENEGAL','Senegal','SEN','686', 1);
INSERT INTO country(id, iso_code, name, printable_name, iso3, numcode, version) VALUES (1189, 'SC','SEYCHELLES','Seychelles','SYC','690', 1);
INSERT INTO country(id, iso_code, name, printable_name, iso3, numcode, version) VALUES (1190, 'SL','SIERRA LEONE','Sierra Leone','SLE','694', 1);
INSERT INTO country(id, iso_code, name, printable_name, iso3, numcode, version) VALUES (1191, 'SG','SINGAPORE','Singapore','SGP','702', 1);
INSERT INTO country(id, iso_code, name, printable_name, iso3, numcode, version) VALUES (1192, 'SK','SLOVAKIA','Slovakia','SVK','703', 1);
INSERT INTO country(id, iso_code, name, printable_name, iso3, numcode, version) VALUES (1193, 'SI','SLOVENIA','Slovenia','SVN','705', 1);
INSERT INTO country(id, iso_code, name, printable_name, iso3, numcode, version) VALUES (1194, 'SB','SOLOMON ISLANDS','Solomon Islands','SLB','090', 1);
INSERT INTO country(id, iso_code, name, printable_name, iso3, numcode, version) VALUES (1195, 'SO','SOMALIA','Somalia','SOM','706', 1);
INSERT INTO country(id, iso_code, name, printable_name, iso3, numcode, version) VALUES (1196, 'ZA','SOUTH AFRICA','South Africa','ZAF','710', 1);
INSERT INTO country(id, iso_code, name, printable_name, iso3, numcode, version) VALUES (1198, 'ES','SPAIN','Spain','ESP','724', 1);
INSERT INTO country(id, iso_code, name, printable_name, iso3, numcode, version) VALUES (1199, 'LK','SRI LANKA','Sri Lanka','LKA','144', 1);
INSERT INTO country(id, iso_code, name, printable_name, iso3, numcode, version) VALUES (1200, 'SD','SUDAN','Sudan','SDN','736', 1);
INSERT INTO country(id, iso_code, name, printable_name, iso3, numcode, version) VALUES (1201, 'SR','SURINAME','Suriname','SUR','740', 1);
INSERT INTO country(id, iso_code, name, printable_name, iso3, numcode, version) VALUES (1202, 'SJ','SVALBARD AND JAN MAYEN','Svalbard and Jan Mayen','SJM','744', 1);
INSERT INTO country(id, iso_code, name, printable_name, iso3, numcode, version) VALUES (1203, 'SZ','SWAZILAND','Swaziland','SWZ','748', 1);
INSERT INTO country(id, iso_code, name, printable_name, iso3, numcode, version) VALUES (1204, 'SE','SWEDEN','Sweden','SWE','752', 1);
INSERT INTO country(id, iso_code, name, printable_name, iso3, numcode, version) VALUES (1205, 'CH','SWITZERLAND','Switzerland','CHE','756', 1);
INSERT INTO country(id, iso_code, name, printable_name, iso3, numcode, version) VALUES (1206, 'SY','SYRIAN ARAB REPUBLIC','Syrian Arab Republic','SYR','760', 1);
INSERT INTO country(id, iso_code, name, printable_name, iso3, numcode, version) VALUES (1207, 'TW','TAIWAN, PROVINCE OF CHINA','Taiwan, Province of China','TWN','158', 1);
INSERT INTO country(id, iso_code, name, printable_name, iso3, numcode, version) VALUES (1208, 'TJ','TAJIKISTAN','Tajikistan','TJK','762', 1);
INSERT INTO country(id, iso_code, name, printable_name, iso3, numcode, version) VALUES (1209, 'TZ','TANZANIA, UNITED REPUBLIC OF','Tanzania, United Republic of','TZA','834', 1);
INSERT INTO country(id, iso_code, name, printable_name, iso3, numcode, version) VALUES (1210, 'TH','THAILAND','Thailand','THA','764', 1);
INSERT INTO country(id, iso_code, name, printable_name, iso3, numcode, version) VALUES (1212, 'TG','TOGO','Togo','TGO','768', 1);
INSERT INTO country(id, iso_code, name, printable_name, iso3, numcode, version) VALUES (1213, 'TK','TOKELAU','Tokelau','TKL','772', 1);
INSERT INTO country(id, iso_code, name, printable_name, iso3, numcode, version) VALUES (1214, 'TO','TONGA','Tonga','TON','776', 1);
INSERT INTO country(id, iso_code, name, printable_name, iso3, numcode, version) VALUES (1215, 'TT','TRINIDAD AND TOBAGO','Trinidad and Tobago','TTO','780', 1);
INSERT INTO country(id, iso_code, name, printable_name, iso3, numcode, version) VALUES (1216, 'TN','TUNISIA','Tunisia','TUN','788', 1);
INSERT INTO country(id, iso_code, name, printable_name, iso3, numcode, version) VALUES (1217, 'TR','TURKEY','Turkey','TUR','792', 1);
INSERT INTO country(id, iso_code, name, printable_name, iso3, numcode, version) VALUES (1218, 'TM','TURKMENISTAN','Turkmenistan','TKM','795', 1);
INSERT INTO country(id, iso_code, name, printable_name, iso3, numcode, version) VALUES (1219, 'TC','TURKS AND CAICOS ISLANDS','Turks and Caicos Islands','TCA','796', 1);
INSERT INTO country(id, iso_code, name, printable_name, iso3, numcode, version) VALUES (1220, 'TV','TUVALU','Tuvalu','TUV','798', 1);
INSERT INTO country(id, iso_code, name, printable_name, iso3, numcode, version) VALUES (1221, 'UG','UGANDA','Uganda','UGA','800', 1);
INSERT INTO country(id, iso_code, name, printable_name, iso3, numcode, version) VALUES (1222, 'UA','UKRAINE','Ukraine','UKR','804', 1);
INSERT INTO country(id, iso_code, name, printable_name, iso3, numcode, version) VALUES (1223, 'AE','UNITED ARAB EMIRATES','United Arab Emirates','ARE','784', 1);
INSERT INTO country(id, iso_code, name, printable_name, iso3, numcode, version) VALUES (1224, 'GB','UNITED KINGDOM','United Kingdom','GBR','826', 1);
INSERT INTO country(id, iso_code, name, printable_name, iso3, numcode, version) VALUES (1225, 'US','UNITED STATES','United States','USA','840', 1);
INSERT INTO country(id, iso_code, name, printable_name, iso3, numcode, version) VALUES (1227, 'UY','URUGUAY','Uruguay','URY','858', 1);
INSERT INTO country(id, iso_code, name, printable_name, iso3, numcode, version) VALUES (1228, 'UZ','UZBEKISTAN','Uzbekistan','UZB','860', 1);
INSERT INTO country(id, iso_code, name, printable_name, iso3, numcode, version) VALUES (1229, 'VU','VANUATU','Vanuatu','VUT','548', 1);
INSERT INTO country(id, iso_code, name, printable_name, iso3, numcode, version) VALUES (1230, 'VE','VENEZUELA','Venezuela','VEN','862', 1);
INSERT INTO country(id, iso_code, name, printable_name, iso3, numcode, version) VALUES (1231, 'VN','VIET NAM','Viet Nam','VNM','704', 1);
INSERT INTO country(id, iso_code, name, printable_name, iso3, numcode, version) VALUES (1232, 'VG','VIRGIN ISLANDS, BRITISH','Virgin Islands, British','VGB','092', 1);
INSERT INTO country(id, iso_code, name, printable_name, iso3, numcode, version) VALUES (1233, 'VI','VIRGIN ISLANDS, U.S.','Virgin Islands, U.s.','VIR','850', 1);
INSERT INTO country(id, iso_code, name, printable_name, iso3, numcode, version) VALUES (1234, 'WF','WALLIS AND FUTUNA','Wallis and Futuna','WLF','876', 1);
INSERT INTO country(id, iso_code, name, printable_name, iso3, numcode, version) VALUES (1235, 'EH','WESTERN SAHARA','Western Sahara','ESH','732', 1);
INSERT INTO country(id, iso_code, name, printable_name, iso3, numcode, version) VALUES (1236, 'YE','YEMEN','Yemen','YEM','887', 1);
INSERT INTO country(id, iso_code, name, printable_name, iso3, numcode, version) VALUES (1237, 'ZM','ZAMBIA','Zambia','ZMB','894', 1);
INSERT INTO country(id, iso_code, name, printable_name, iso3, numcode, version) VALUES (1238, 'ZW','ZIMBABWE','Zimbabwe','ZWE','716', 1);


INSERT INTO customer (id, version, login, telephone, date_of_birth, street1, city, zip_code, country_id) VALUES (1000, 1, 'admin', '+1 123 3564 4567', '1935-07-01', 'The Admin Alley', 'CA', '87653', 1230);
INSERT INTO customer (id, version, login, telephone, date_of_birth, street1, city, zip_code, country_id) VALUES (1001, 1, 'user', '+1 123 3564 4567', '1934-09-02', 'The User Boulevard', 'CA', '87653', 1230);
INSERT INTO customer (id, version, login, telephone, date_of_birth, street1, city, zip_code, country_id) VALUES (1002, 1, 'anakin', '+1 123 3564 4567', '1935-07-01', '3 Wars Street', 'Black Star', '9999', 1230);
INSERT INTO customer (id, version, login, telephone, date_of_birth, street1, city, zip_code, country_id) VALUES (1003, 1, 'obiwan', '+1 765 897 321', '1914-04-02', '14 Star Boulevard', 'Black Star', '9999', 1115);
INSERT INTO customer (id, version, login, telephone, date_of_birth, street1, city, zip_code, country_id) VALUES (1004, 1, 'luke', '+1 786 1212 987', '1951-09-07', '543 Sun Set Boulevard', 'Black Star', '9999', 1200);
INSERT INTO customer (id, version, login, telephone, date_of_birth, street1, city, zip_code, country_id) VALUES (1005, 1, 'han', '+1 786 1212 987', '1923-04-12', '543 Sun Set Boulevard', 'Black Star', '9999', 1238);
